claim_id,claim,verdict,file,field,window,implementation_identity
A1,"Historical hard sets were empty, not merely a secondary Boolean failure",SUPPORTED_FROZEN_LINEAR_MODEL,output/fpmfc/n209_paper_system/qp_failure_diagnosis.json,runs.*.box_witnesses; z,failure tick and preceding0.5s,historical source manifest and exact packet torque reconstruction
A2,Same-packet estimator velocity RMS decreases,SUPPORTED_OFFLINE_ONLY,output/fpmfc/n209_paper_system/sensor_reference_audit.json,"B0_rms_components[6:12],new_rms_components[6:12]",absolute1–7s,estimator_adapter.py; historical packet and trace SHA in report
C1,Improved safe capture across nonideal or multiaxis cases,NOT_SUPPORTED,output/fpmfc/n209_paper_system/qualification_matrix.json,admission.regressions,whole task,per-run config.identity and source_key
C2,A recorded ideal nominal continuous task passes original gates,SUPPORTED_LIMITED,output/fpmfc/n209_paper_system/runs/D01_V1_nominal/metrics.json,"continuous_task_completed,actual_safety_violations,world_window_max_deg_s",t0–27.992; post7.992–27.992; final25.992–27.992,config.identity; validation.validator_identity
C3,Inertial feedback improves control performance,NOT_DEMONSTRATED,output/fpmfc/n209_paper_system/identifiability_supporting_audit.json,runs.*.pair and control_benefit,archived full H1/H3,blocks_sha and N208 archive
T1,Reference transport and endpoint physical jets are consistent,PROVED_UNDER_ASSUMPTIONS_NUMERICALLY_CHECKED,paper/system_paper/theory_notes.md,A; selftest.reference_tests,isolated derivative fixtures,test artifact implementation manifest
T2,Finite governor guarantees full-trajectory safety,OPEN_GAP,paper/system_paper/theory_notes.md,B2 assumptions and gaps,not established,no calibrated joint/model/intersample bound
T3,Ideal internal damping has nonpositive power and nonzero H permits residual rotation,PROVED_UNDER_ASSUMPTIONS,paper/system_paper/theory_notes.md,C,ideal no-external-input continuous intervals,separate numerical energy/P/H evidence
T4,Finite rank10 guarantees accurate COM and useful control,REJECTED,output/fpmfc/n209_paper_system/identifiability_supporting_audit.json,runs.H1_prior.historical_report,historical finite dataset,unregularized raw/white SVD and error histories
T5,Current translation covariance recursion precludes the unchanged noisy capture velocity gate,PROVED_UNDER_ASSUMPTIONS_NUMERICALLY_CHECKED,output/fpmfc/n209_paper_system/uncertainty_floor.json,"minimum_velocity_3sigma_lower_bound_m_s,capture_linear_limit_m_s,assumptions",valid noisy estimates under stated fixed sampling/delay/process assumptions,implementation_sha; theory_notes.md E
R1,Every completed/early-stopped new attempt has reproducible physical and decision replay with disclosed invalid-t0 snapshot audit,SUPPORTED,output/fpmfc/n209_paper_system/runs/*/validation_timestamp_audited.json,"actuator_replay_passed,decision_replay_passed,max_intermediate_state_error,timestamp_snapshot_audit",whole saved trajectory,per-run source_key and validator_identity; original failed validation.json preserved
