seed,kinematic_rank,variant,requested_capture_time_s,executed_capture_time_s,terminal_arm_angle_rad,acceptance_passed,replay_integrity_passed,qualified,failed_acceptance_checks,maximum_base_angular_velocity_rad_s,rms_base_angular_velocity_rad_s,maximum_base_orientation_drift_rad,terminal_position_error_m,terminal_orientation_error_rad,terminal_arm_angle_error_rad,minimum_clearance_m,torque_saturation_fraction,metrics_path,metrics_sha256,validation_path,validation_sha256,seed_contract_passed
0,1,full,8.0,8.0,-1.492877399060744,True,True,True,[],0.06460447094123815,0.030876176098123882,0.11468208853370708,4.555632295623507e-05,4.434887856002758e-05,0.013439797359844796,0.13477656518600314,0.0,E:\桌面\力位形混合控制\output\fpmfc\precontact\n073_controller_ablation_rk4_formal_planning45\seed_00\full\metrics.json,d3f79b8ba118ad3ebbd5059bc695cfc462f47b1a51bc75919ec0d66d14bdd01b,E:\桌面\力位形混合控制\output\fpmfc\precontact\n073_controller_ablation_rk4_formal_planning45\seed_00\full\validation.json,2932affbc511f6ffb50002d9898e748e639c965007e680c130dbe7eab3d4e499,True
0,1,no-shape,8.0,8.0,-1.492877399060744,False,True,False,['terminal_shape_error'],0.0679769004773254,0.02330529101657783,0.07342595062959836,3.0776643501756904e-05,5.9805397863196884e-05,0.1447251456472909,0.23660098611827224,0.0,E:\桌面\力位形混合控制\output\fpmfc\precontact\n073_controller_ablation_rk4_formal_planning45\seed_00\no_shape\metrics.json,89b39427ae87cfc5fd178470875e3cb360d3c370c75981ffbbe2a3b5cde19780,E:\桌面\力位形混合控制\output\fpmfc\precontact\n073_controller_ablation_rk4_formal_planning45\seed_00\no_shape\validation.json,886962aa1a717e51b8f5b8e8bf6f1a3c37cdd47f9330e1e6b870f48760a7f2e7,True
0,1,no-base-reaction,8.0,8.0,-1.492877399060744,True,True,True,[],0.0645683249435032,0.030868269766615962,0.1146780117607517,4.5466822830878453e-05,4.4620094665757204e-05,0.012900930374055264,0.13473706465633106,0.0,E:\桌面\力位形混合控制\output\fpmfc\precontact\n073_controller_ablation_rk4_formal_planning45\seed_00\no_base_reaction\metrics.json,95954262bec8e98e2499ecaddd641aa2162adc14a303653a59222af5c662dd86,E:\桌面\力位形混合控制\output\fpmfc\precontact\n073_controller_ablation_rk4_formal_planning45\seed_00\no_base_reaction\validation.json,30d37d496f574e7e9a04e34193ca936da68322d6cfe2386f60955a61df1595b5,True
1,1,full,12.559110859785916,12.56,2.8186331817200623,True,True,True,[],0.0793291012641148,0.022611821314410377,0.056681696934225284,8.942495356589215e-06,1.876125838146769e-05,0.001445560796754286,0.1902383802040255,0.0,E:\桌面\力位形混合控制\output\fpmfc\precontact\n073_controller_ablation_rk4_formal_planning45\seed_01\full\metrics.json,42232156c69f9f8f3c5819e588abba5426f72d5367793948cd976787c217ed8d,E:\桌面\力位形混合控制\output\fpmfc\precontact\n073_controller_ablation_rk4_formal_planning45\seed_01\full\validation.json,4254406bc096e97e575ef96ffd3cc07b9993b7a818f8925eb3f70c10aa1b31da,True
1,1,no-shape,12.559110859785916,12.56,2.8186331817200623,False,True,False,"['terminal_position_error', 'terminal_shape_error']",0.07924549159019321,0.018468064295503912,0.07918315037967591,0.005632289341409172,0.0003711537219544143,1.7884356310153438,0.15175934993613957,0.0,E:\桌面\力位形混合控制\output\fpmfc\precontact\n073_controller_ablation_rk4_formal_planning45\seed_01\no_shape\metrics.json,4340ce36a48c761da02a8f1ab1fd1dc4e7d1380c7907e060edbdd980fe83275e,E:\桌面\力位形混合控制\output\fpmfc\precontact\n073_controller_ablation_rk4_formal_planning45\seed_01\no_shape\validation.json,0d8baeeaac59d03295cf14b97517315285c231b8ddd2a7b041416905f5628527,True
1,1,no-base-reaction,12.559110859785916,12.56,2.8186331817200623,True,True,True,[],0.07944464334403929,0.022644875540448244,0.05656106849142915,8.978196699426779e-06,1.8772456726898796e-05,0.0020135637703768694,0.1910476579175523,0.0,E:\桌面\力位形混合控制\output\fpmfc\precontact\n073_controller_ablation_rk4_formal_planning45\seed_01\no_base_reaction\metrics.json,3c64db87109a9c46cd1b817dc9e404270d9c99c63e53b8000e9b031af62a45a0,E:\桌面\力位形混合控制\output\fpmfc\precontact\n073_controller_ablation_rk4_formal_planning45\seed_01\no_base_reaction\validation.json,701bb8a2785dd52f001ee3d2aaaab427582564f96d4b320214254d8c75b8f4d2,True
2,1,full,12.815344915385959,12.816,2.829958672400292,True,True,True,[],0.07940702499119823,0.0223625683651363,0.058839030450326915,8.514459250126553e-06,1.783221203389497e-05,0.001103623179084412,0.1872595392729466,0.0,E:\桌面\力位形混合控制\output\fpmfc\precontact\n073_controller_ablation_rk4_formal_planning45\seed_02\full\metrics.json,f5c52bf989ba1debf0f913bf4cee2877fb09872af0b7deffea123c15ba527981,E:\桌面\力位形混合控制\output\fpmfc\precontact\n073_controller_ablation_rk4_formal_planning45\seed_02\full\validation.json,43755000886d329ee9bd24d1b2234d9c5464ab5f4496e6ef9195d87d0d2c02f4,True
2,1,no-shape,12.815344915385959,12.816,2.829958672400292,False,True,False,"['terminal_position_error', 'terminal_shape_error']",0.07774565511961509,0.023242906176403313,0.08137451796481515,0.005529946109944674,0.00034105055655609263,1.7280544454659985,0.11029779125611573,0.0,E:\桌面\力位形混合控制\output\fpmfc\precontact\n073_controller_ablation_rk4_formal_planning45\seed_02\no_shape\metrics.json,cecc75a05dc3fdae08e79ffc1676e2aa4c021ba7c99d0d8e70bc438209f08c89,E:\桌面\力位形混合控制\output\fpmfc\precontact\n073_controller_ablation_rk4_formal_planning45\seed_02\no_shape\validation.json,0ef1485b39a68182c29408b5b662931a04b83b58ae7a4c9970b61a9cfd295ef3,True
2,1,no-base-reaction,12.815344915385959,12.816,2.829958672400292,True,True,True,[],0.07948305211810398,0.02237802061145401,0.058832467005783734,8.519503374023956e-06,1.7833984827535074e-05,0.0011830879564809216,0.18793107469720366,0.0,E:\桌面\力位形混合控制\output\fpmfc\precontact\n073_controller_ablation_rk4_formal_planning45\seed_02\no_base_reaction\metrics.json,0e57b99d5e9432d2f619eaec38167316e6b9037b0a5cfde8d8f9d04d54a5a918,E:\桌面\力位形混合控制\output\fpmfc\precontact\n073_controller_ablation_rk4_formal_planning45\seed_02\no_base_reaction\validation.json,fb1bc7fc095bdd92b2062fe021e0a134e2c40cf51622d297f1db5dbb798911e1,True
3,1,full,12.797301895260375,12.798,2.8351223326267916,True,True,True,[],0.07986637897028168,0.022574118276143636,0.05903147638067309,8.549790327423256e-06,1.789416006821092e-05,0.0011238634968520067,0.18528864664241454,0.0,E:\桌面\力位形混合控制\output\fpmfc\precontact\n073_controller_ablation_rk4_formal_planning45\seed_03\full\metrics.json,74607cf225ca51c0818f8759a902c3a3b7837d2a3a86ac618f9bb3ada493c89c,E:\桌面\力位形混合控制\output\fpmfc\precontact\n073_controller_ablation_rk4_formal_planning45\seed_03\full\validation.json,41a380e20ed7f514b0a0213b6526356dcb06f4bc2422097bef58ce51379b9348,True
3,1,no-shape,12.797301895260375,12.798,2.8351223326267916,False,True,False,"['terminal_position_error', 'terminal_shape_error']",0.07870503502353768,0.02035579092510115,0.07962876537375309,0.006041146450759305,0.00037506436752302003,1.7266767485628307,0.12615323640070403,0.0,E:\桌面\力位形混合控制\output\fpmfc\precontact\n073_controller_ablation_rk4_formal_planning45\seed_03\no_shape\metrics.json,c900d5802351795d1e00b78b751532508b25c08f5f66f09bf1e87bcc5031b1e3,E:\桌面\力位形混合控制\output\fpmfc\precontact\n073_controller_ablation_rk4_formal_planning45\seed_03\no_shape\validation.json,077683bcfce16a212dcbac5b3a1efff59c96f4ee72906bcaaaf4971b5ba9fd28,True
3,1,no-base-reaction,12.797301895260375,12.798,2.8351223326267916,True,True,True,[],0.07991163170115097,0.02254395087274574,0.05912355871782105,8.542842291671647e-06,1.789171262754807e-05,0.0010159743618665118,0.18474248719999076,0.0,E:\桌面\力位形混合控制\output\fpmfc\precontact\n073_controller_ablation_rk4_formal_planning45\seed_03\no_base_reaction\metrics.json,33e273a78f0c834c499097c7935449855a5c28fa12c666fdce6772f2f0dfb681,E:\桌面\力位形混合控制\output\fpmfc\precontact\n073_controller_ablation_rk4_formal_planning45\seed_03\no_base_reaction\validation.json,0c7f1a0c8634b8b3bce754ce534a968c43bec7127052457f753d2da0bfac05eb,True
4,1,full,12.78740739169573,12.788,2.8349552702708958,True,True,True,[],0.08016294249480575,0.022438703072314842,0.059071536337044005,8.562458574476591e-06,1.7924485152459872e-05,0.0012164660339921696,0.18615194400647542,0.0,E:\桌面\力位形混合控制\output\fpmfc\precontact\n073_controller_ablation_rk4_formal_planning45\seed_04\full\metrics.json,4f77b27da5f55aa860887a186e4d4f96f5169bda65953598639e272da37eec7b,E:\桌面\力位形混合控制\output\fpmfc\precontact\n073_controller_ablation_rk4_formal_planning45\seed_04\full\validation.json,7ae76db23ebe807a32272151f0c66f9c6423e6d860b1821da864cca390c467b7,True
4,1,no-shape,12.78740739169573,12.788,2.8349552702708958,False,True,False,"['terminal_position_error', 'terminal_shape_error', 'terminal_linear_speed', 'terminal_angular_speed']",0.10150279328586517,0.03240785497716163,0.08727706759499092,0.17858416961384682,0.0008863733126848969,1.6931245516563704,0.10476431117316232,0.0,E:\桌面\力位形混合控制\output\fpmfc\precontact\n073_controller_ablation_rk4_formal_planning45\seed_04\no_shape\metrics.json,728e42db4cdc6aeb3defe00c4e80c4ee5ba09b04c355a6e5c04d2cf49a7cfeb5,E:\桌面\力位形混合控制\output\fpmfc\precontact\n073_controller_ablation_rk4_formal_planning45\seed_04\no_shape\validation.json,8d4fbf29058a6da7dd3811cf186767d7ff3b48b91f86a24be2ce7bdab66b7e3b,True
4,1,no-base-reaction,12.78740739169573,12.788,2.8349552702708958,True,True,True,[],0.0801690766123642,0.022414997691306313,0.05899085178270824,8.569504305027658e-06,1.792716406222017e-05,0.0013394233870034356,0.18619383741277418,0.0,E:\桌面\力位形混合控制\output\fpmfc\precontact\n073_controller_ablation_rk4_formal_planning45\seed_04\no_base_reaction\metrics.json,d38783baa0941a9bd999ee2607b692081b2bf59d8542e1a2101a2aa7f600d239,E:\桌面\力位形混合控制\output\fpmfc\precontact\n073_controller_ablation_rk4_formal_planning45\seed_04\no_base_reaction\validation.json,11d3f895f70d788b927572e9c97e511f895dc8b730e805ec5205684ac7fed09e,True
5,1,full,13.199007887472238,13.200000000000001,2.875899929585624,True,True,True,[],0.07732448017868991,0.022856270094377792,0.06317904693552527,7.986051445995997e-06,1.655053114706794e-05,0.0006715150917573354,0.16855079906285145,0.0,E:\桌面\力位形混合控制\output\fpmfc\precontact\n073_controller_ablation_rk4_formal_planning45\seed_05\full\metrics.json,1c3390e281f08778a7509f7d59e9c1f45721933d3a9a0407aef9a8de0d7b8e29,E:\桌面\力位形混合控制\output\fpmfc\precontact\n073_controller_ablation_rk4_formal_planning45\seed_05\full\validation.json,b771d9c96f0c7fcacc4725471d5f3913a4976ce8b27cdfadd9fc741d1b35610f,True
5,1,no-shape,13.199007887472238,13.200000000000001,2.875899929585624,False,True,False,"['terminal_position_error', 'terminal_shape_error', 'terminal_linear_speed', 'terminal_angular_speed']",0.07436039800803228,0.018704822307151966,0.09027249505887557,0.15211625130290904,0.0017559218578823625,1.7960509261516604,0.19693926914868456,0.0,E:\桌面\力位形混合控制\output\fpmfc\precontact\n073_controller_ablation_rk4_formal_planning45\seed_05\no_shape\metrics.json,b172eda3c896f661a41fcbe676e6b8d1a8b028b5f3e6e148f549f8a95d44a477,E:\桌面\力位形混合控制\output\fpmfc\precontact\n073_controller_ablation_rk4_formal_planning45\seed_05\no_shape\validation.json,fd807078106354a5457f628bf74baa0530cbe12148ba36da73ff3a7ba8e67396,True
5,1,no-base-reaction,13.199007887472238,13.200000000000001,2.875899929585624,True,True,True,[],0.07732293614412845,0.022846487281153748,0.06316782253610502,7.985558208593055e-06,1.6550427537985293e-05,0.0006680499838647158,0.16864546099462835,0.0,E:\桌面\力位形混合控制\output\fpmfc\precontact\n073_controller_ablation_rk4_formal_planning45\seed_05\no_base_reaction\metrics.json,e9f2cfc984a17c4f15beb698f3118bfdb4df5aa2b330210f0ea939b97aa70a15,E:\桌面\力位形混合控制\output\fpmfc\precontact\n073_controller_ablation_rk4_formal_planning45\seed_05\no_base_reaction\validation.json,7aae77ea3ecc992f53f53772ae71f114d9d7ef5ce9fb33a807e8a9f0e7622e9b,True
6,1,full,13.320103974692323,13.32,2.897406507648267,True,True,True,[],0.07981707971273722,0.021661870606185823,0.06385325717943013,7.842233801787818e-06,1.6180079467971003e-05,0.0005665199655027209,0.1823639507051108,0.0,E:\桌面\力位形混合控制\output\fpmfc\precontact\n073_controller_ablation_rk4_formal_planning45\seed_06\full\metrics.json,1a35bf47ed49997e241e6d9c74afbe813833f82833da849048ab7e56b4879393,E:\桌面\力位形混合控制\output\fpmfc\precontact\n073_controller_ablation_rk4_formal_planning45\seed_06\full\validation.json,4fb1881dffa47efe1dc50e02320bdc0520d67a747652423e5d80579e66060ebd,True
6,1,no-shape,13.320103974692323,13.32,2.897406507648267,False,True,False,"['terminal_position_error', 'terminal_orientation_error', 'terminal_shape_error', 'terminal_linear_speed', 'terminal_angular_speed']",0.07133065268403019,0.01795592161868417,0.08659838856402734,0.16177807142460807,0.004587717291257041,1.47765462371245,0.2031249336956147,0.0,E:\桌面\力位形混合控制\output\fpmfc\precontact\n073_controller_ablation_rk4_formal_planning45\seed_06\no_shape\metrics.json,893d856c5967e86c1c1a05a563c80c2ce2ca79e97073cc713496e8a324dbc6f3,E:\桌面\力位形混合控制\output\fpmfc\precontact\n073_controller_ablation_rk4_formal_planning45\seed_06\no_shape\validation.json,a302ef89becedbc17a6d195ffd976adb292557660ff4d8da28a4df29cb26ab4f,True
6,1,no-base-reaction,13.320103974692323,13.32,2.897406507648267,True,True,True,[],0.0782695376502388,0.021936578504141463,0.06450496714278758,7.844550962229919e-06,1.6179554379904032e-05,0.0005116142280425784,0.17437243583454404,0.0,E:\桌面\力位形混合控制\output\fpmfc\precontact\n073_controller_ablation_rk4_formal_planning45\seed_06\no_base_reaction\metrics.json,77d12d88eab1704e89e6268392e55ab0bf2a4635a1586ccbefa02e42de6064ea,E:\桌面\力位形混合控制\output\fpmfc\precontact\n073_controller_ablation_rk4_formal_planning45\seed_06\no_base_reaction\validation.json,a799a36e909c8d71ae4996e222b592b7fc56d9b904f4300cc2ca987363abb64b,True
7,1,full,12.408726280462089,12.408,2.786538400916744,True,True,True,[],0.08159907100159336,0.022753195721332276,0.05563140284974584,9.242011770480853e-06,1.9349070855733865e-05,0.0016745862238916054,0.2068545479327899,0.0,E:\桌面\力位形混合控制\output\fpmfc\precontact\n073_controller_ablation_rk4_formal_planning45\seed_07\full\metrics.json,48d3de348adab978ab5c16f2d036a28b6eb802d45cdc27a1d8437dce6933eed4,E:\桌面\力位形混合控制\output\fpmfc\precontact\n073_controller_ablation_rk4_formal_planning45\seed_07\full\validation.json,f622fb24803ab5057a3b30734c8fee458526d9787a2e77bb5d6bcdb6f8b77917,True
7,1,no-shape,12.408726280462089,12.408,2.786538400916744,False,True,False,"['terminal_position_error', 'terminal_shape_error']",0.08079505519880842,0.016998012161679694,0.07938470700474107,0.004800465616975816,0.0003259674402431567,1.8373961562685448,0.16972170852658955,0.0,E:\桌面\力位形混合控制\output\fpmfc\precontact\n073_controller_ablation_rk4_formal_planning45\seed_07\no_shape\metrics.json,8b9a09a4833f8a548a5b7ccad8244e9d11107c4d2720276847876941546e9813,E:\桌面\力位形混合控制\output\fpmfc\precontact\n073_controller_ablation_rk4_formal_planning45\seed_07\no_shape\validation.json,c6c2a289624d4841e2f6280a658fa7780db6753a0915a855d076c284a8c36f74,True
7,1,no-base-reaction,12.408726280462089,12.408,2.786538400916744,True,True,True,[],0.08155265804254688,0.022745140526330084,0.05558005894847882,9.254943958889892e-06,1.9353183098419716e-05,0.0018929934238185453,0.204821311217547,0.0,E:\桌面\力位形混合控制\output\fpmfc\precontact\n073_controller_ablation_rk4_formal_planning45\seed_07\no_base_reaction\metrics.json,4540e46b1005af2c6880b9a1e8f5b23f5e228d91621a61b1a34dae04471fdc11,E:\桌面\力位形混合控制\output\fpmfc\precontact\n073_controller_ablation_rk4_formal_planning45\seed_07\no_base_reaction\validation.json,7e3ffd6ec017d0e6fb4483c9b126a51e8afa49255ee4f78910275b93f322b590,True
8,1,full,12.962271726115004,12.962,2.846551222324965,True,True,True,[],0.08034166734097527,0.022152411555120568,0.06053403171876556,8.31495284740274e-06,1.732528807807996e-05,0.0011528511033884747,0.18574686655729836,0.0,E:\桌面\力位形混合控制\output\fpmfc\precontact\n073_controller_ablation_rk4_formal_planning45\seed_08\full\metrics.json,2d19bf26e6f36a152748c3866cfa82f6bb2454304d8c0d3034a798e6f7c2e36c,E:\桌面\力位形混合控制\output\fpmfc\precontact\n073_controller_ablation_rk4_formal_planning45\seed_08\full\validation.json,0e5adfbf0a816979110246c41c219ebef0d56185a2fce433730b121c96977539,True
8,1,no-shape,12.962271726115004,12.962,2.846551222324965,False,True,False,"['terminal_position_error', 'terminal_shape_error', 'terminal_linear_speed', 'terminal_angular_speed']",0.0775075914020848,0.02781694606781577,0.09559930313865457,0.14162599943431883,0.0032539097300614615,0.7845428463638866,0.23032548437246952,0.0,E:\桌面\力位形混合控制\output\fpmfc\precontact\n073_controller_ablation_rk4_formal_planning45\seed_08\no_shape\metrics.json,fb7261e9076442c41fe7babdba1559498798160c79736de510a948df29e522f8,E:\桌面\力位形混合控制\output\fpmfc\precontact\n073_controller_ablation_rk4_formal_planning45\seed_08\no_shape\validation.json,58837b892509475c1e57f69e0671912c061c81345d1fee1f9d483a56e0c2549d,True
8,1,no-base-reaction,12.962271726115004,12.962,2.846551222324965,True,True,True,[],0.08034634491541902,0.02215138287807989,0.06055321054254113,8.313075913401765e-06,1.732451865584984e-05,0.0011195289543741715,0.18574938025914528,0.0,E:\桌面\力位形混合控制\output\fpmfc\precontact\n073_controller_ablation_rk4_formal_planning45\seed_08\no_base_reaction\metrics.json,19d2d99ff9995a4695763867fa934d7ee83171719167c6ac488c695d6b8f6fba,E:\桌面\力位形混合控制\output\fpmfc\precontact\n073_controller_ablation_rk4_formal_planning45\seed_08\no_base_reaction\validation.json,58359cd54fe444982b055627e1bfb8e25853dbb16bf117555685f402dbad23de,True
9,1,full,12.744248306183614,12.744,2.819841001966392,True,True,True,[],0.08046962661347984,0.022375547756308668,0.05855317575922507,8.651967456658309e-06,1.808412861046406e-05,0.001513454722311458,0.19052301626441417,0.0,E:\桌面\力位形混合控制\output\fpmfc\precontact\n073_controller_ablation_rk4_formal_planning45\seed_09\full\metrics.json,1534c672eb54521a36b94b8812d6275c9fe9e5596f0ce7eba07cfeaab4cbe9e8,E:\桌面\力位形混合控制\output\fpmfc\precontact\n073_controller_ablation_rk4_formal_planning45\seed_09\full\validation.json,e441e0a52c0a06687bcf447fc75f8e14db1795cb4544c85a0588af0e6d1e9d8c,True
9,1,no-shape,12.744248306183614,12.744,2.819841001966392,False,True,False,"['terminal_position_error', 'terminal_shape_error']",0.07906625083832378,0.0194491766217278,0.07948658251176784,0.006082693042939319,0.0003836781962438985,1.7533978672093982,0.13453659915373392,0.0,E:\桌面\力位形混合控制\output\fpmfc\precontact\n073_controller_ablation_rk4_formal_planning45\seed_09\no_shape\metrics.json,a303d81d1301c87d9fd077f6d90d9c083e2b1178fc0b7db4323e0a5a5b8dac62,E:\桌面\力位形混合控制\output\fpmfc\precontact\n073_controller_ablation_rk4_formal_planning45\seed_09\no_shape\validation.json,133cfa26ad2c039cfdb6c7345f673f7b52b9e46d42f2c4d4965e06617616813a,True
9,1,no-base-reaction,12.744248306183614,12.744,2.819841001966392,True,True,True,[],0.08048555147975311,0.022372131908942633,0.058622681882519664,8.64029948421796e-06,1.808003367178218e-05,0.0013188507683090656,0.19028917335266912,0.0,E:\桌面\力位形混合控制\output\fpmfc\precontact\n073_controller_ablation_rk4_formal_planning45\seed_09\no_base_reaction\metrics.json,4363480b2d9e92616c2e06539138132baa590ffae0f43160abc3780e6b926168,E:\桌面\力位形混合控制\output\fpmfc\precontact\n073_controller_ablation_rk4_formal_planning45\seed_09\no_base_reaction\validation.json,e7acad6d4a93ed7145dcd3d8783797f2e38f61a07ef1caddefea9bd81d23e5b5,True
