Component,Historical RMS,New RMS,Unit
px,3.6939887148691524e-05,8.67522767890486e-06,m
py,3.70750892908875e-05,8.833753307349045e-06,m
pz,3.5538952072789344e-05,8.124498815443983e-06,m
Rx,0.0001463488740523662,3.7043431326090713e-05,rad
Ry,0.00015464857399808332,3.956688531720242e-05,rad
Rz,0.00015399548178699233,3.829302022903009e-05,rad
vx,0.002170262359072463,0.00022671025016534385,m/s
vy,0.0021661456594611276,0.00022754394951209246,m/s
vz,0.002075244415352518,0.0002176123466245102,m/s
wx,0.008777647393479554,0.0012216585952662703,rad/s
wy,0.009254209672920979,0.0013085332094291222,rad/s
wz,0.009239217770357546,0.0012528480153747295,rad/s
