file,sha256,responsibility,online_use,model_dependency,output_format,supported_conclusion,cannot_inherit
v6_mujoco/adaptive_capture/plant.py,75d8888d5da73c171114e3e5c9f51ec77eced7716401c5ea957ba6d0a560d6e0,"true physical plant, one initialization",YES via archived N209,flexiv_system,MjModel/MjData,seven actual inputs and preserved passive bodies,hardware equivalence
v6_mujoco/adaptive_capture/sensors.py,4e1497e69762b1d9bb26677efbff6fe33e29469ca6cf59e22bce85f6caa9f509,declared sensor frontend,historical generator; replay reads its packets,flexiv_system,legacy SensorPacket,recorded channel and sample/arrival protocol,robust navigation certification
v6_mujoco/adaptive_capture/state_estimator.py,34fa805e6c6205acff37d734036d5d236be58d54887673270ce88efe0b61b500,N208 estimator and shared propagation,base propagation retained; update overridden in N209,flexiv_system,legacy StateEstimate,original estimator implementation,current S01 robustness
v6_mujoco/feasible_capture/estimator_adapter.py,faa0619fa6474212409a6c8ce8f1166a82d890813fe958c11493f9924b9cd027,measurement-time estimator,YES via archived N209,flexiv_system,legacy StateEstimate,same-packet conditional estimator findings,new closed-loop benefit
v6_mujoco/adaptive_capture/controller.py,23fd67058f316c6e4a6abba2e86b489bc3f20bf220f806ef28d2e6db4d7a2ba6,baseline controller and seven-torque servo integration,YES superclass; n208 registry factory,flexiv_system,tau7/latch and control history,archived algorithm semantics,all domains passed
v6_mujoco/feasible_capture/controller_adapter.py,a6b22d90c372b6b2083cdc93a564c824c66c29813d6efae8eb37f69aa7d9b05b,N209 control extension and diagnostic HQP,YES selected runs,flexiv_system,tau7/latch/QP records,explicit scalar-governor prototype,robust improvement
v6_mujoco/feasible_capture/progress_governor.py,d80f88010b876654b2d1fdd8837803dafb03f457046a3396f9b532c14b82784c,finite prior lookahead,YES approach task ticks,flexiv_system,candidate log/accepted fraction,finite sampled model decisions,recursive safety or guaranteed fallback
v6_mujoco/feasible_capture/reference_shaper.py,ec353ac574b912310faa352bd3ecbb04300848618a24da11aa70f28b57e68d44,independent shaped target reference,YES; smoothing enabled in S01,flexiv_system,TrajectorySample,declared command-state filter,smoothed state may approve latch
v6_mujoco/adaptive_capture/relative_reference.py,a2b368ef77917262a320d4f71b62058063cbcbc358ba3f344ec99f62045de8e4,target transport plus fixed path,YES superclass,flexiv_system,TrajectorySample,relative path kinematic convention,target stops when progress stops
v6_mujoco/fpmfc/controller.py,96d2a87d9c64f5a81d66d0b6b8900ca805e908d5a81fb05f472df2c61786f1c3,hierarchical velocity least squares,YES through GeometryHQP,flexiv_system,FPMFCResult,primary soft task and hard inequalities,all six base DOFs and shape independently commanded
v6_mujoco/hierarchical_qp.py,bff878bfb3c016b42c9db81de4f16a80ed0dfb6c52a74b20be6f074c2ba80c6d,shared QP and bounded joint commands,YES,flexiv_system,QPResult,solver feasibility in recorded scope,QP solvability equals physical success
v6_mujoco/geometry_capture/planning.py,3943a7dcd948e091dc2ded14c2d8c6d9898533903ef32d6c163463d257d92629,distance derivative and geometry HQP,gradient/HQP YES; planning runner NO,flexiv_system,distance rows/kinematic rollouts,isolated same-time distance gradient,new planning or experiment in S00
v6_mujoco/fpmfc/shape.py,a0302b2bf27bf2ab6664c5187694779acaa182e95b315e711c19f062da14fd58,type-II arm shape coordinate,YES,Flexiv adapted from SRS concept,ArmShapeSample,declared arm shape,mass/inertia estimation is type II
v6_mujoco/fpmfc/contact.py,54f0fdae97efac3d1cf6827536b9febd23bd9689ea7a9e2a85af8e292c10c075,legacy force/normal-admittance implementation,NO in selected N209 controller path,historical contact variants,ContactWrench/NormalAdmittanceState,component exists in historical branches,N209 already integrates force feedback compliance
v6_mujoco/adaptive_capture/governor.py,9d2a0ba4c70f641a402fa6ccdc0edc42d8b50f2d85da18077b83615c789cbd3b,post-latch prior braking governor,YES according to archived mission flags,flexiv_system,alpha/prediction records,original damping/loading behavior,new S00 braking performance
v6_mujoco/adaptive_capture/inertial_estimator.py,ae90a837915d2de98995d25d2a7dff18ce6724f951ebdbd099ca8b40561a8e3f,causal inertial identification,YES shadow only,flexiv_system,pi/rank/local scaled covariance,finite-data observable directions,full-parameter certainty or control benefit
v6_mujoco/adaptive_capture/information_gate.py,cca91a03ecaf9234c2ebb630b71c70d953e34f4231744c5b701c9dd7c7d5b0e6,posterior-to-controller gate,YES; parameter_feedback false in selected runs,flexiv_system,model_pi/trust flags,feedback separation,identified trajectory is better
v6_mujoco/adaptive_capture/known_model.py,cd67752a49cb6877e1980b8f8ea17dcf59060ced0390a9638a3ddd32a6f2b5a9,independent prior model,YES,flexiv_system,new model with public prior,no plant inertia handle in controller construction,prior predictions exact
v6_mujoco/feasible_capture/benchmark.py,28c6419e128f5e1b85993d5a2f6180a6af5b63d50c7d454fff4f72eb10241ef7,historical N209 runner/validator,NO new campaign; rules read only,flexiv_system,NPZ/JSON/gzip,original replay tolerances and TS_AUDIT,run old experiment matrix
models/flexiv_rizon4s_n206_tool_scene.xml,a7f52ac06d97a1b26a61c063fd5c37b58d9c3685f46e6977abaae701ae9474a6,frozen physical geometry,YES,flexiv_system,MuJoCo XML,selected tool and robot geometry,hardware approval
output/fpmfc/n209_paper_system/qualification_matrix.json,ea56fa3851566cd7a1df2b6a6b446863bfbda47cbe9ed96d943d074e8d593147,authoritative prior qualification,EVIDENCE ONLY,flexiv_system,JSON,PARTIAL_OPERATING_DOMAIN_MISMATCH,S00 wrapper changes performance verdict
output/fpmfc/n209_paper_system/qp_failure_diagnosis.json,e1ba635c439125ffbb2b9f7c3c041a1efb3ba50b3aedd64d61d5c30c6995d2db,historical H2/S01 hard-set classification,EVIDENCE ONLY,flexiv_system,JSON,frozen linear hard set conflict,all future planners impossible
output/fpmfc/n209_paper_system/uncertainty_floor.json,8c29d334afc394b32b646f65201ea30a6a34b567c36467b76a23fb8c286634e3,conditional Riccati/guard bound,EVIDENCE ONLY,specified old sensor/filter,JSON,implemented gate allowance incompatibility,universal sensor precision limit
output/fpmfc/n209_paper_system/sensor_reference_audit.json,42bcb87c20bdb71e03f25ab26b6ebf6e0a054c8082c79b22c8cb49ba0d8974f1,same-packet S01 estimator statistics,EVIDENCE ONLY,specified old sensor/filter,JSON,read-only changed estimator comparison,independent robot success
paper/N073_CONTROLLER_ABLATION_REPORT.md,d66450f28357ed75f0e468762538aa9016fe79231b9c014b3995880e5519c633,original fixed-plan ablation report,EVIDENCE ONLY,historical Flexiv precontact,Markdown + linked raw summary,shape term mattered on its frozen candidates,replanned end-to-end superiority; base-reaction benefit
output/fpmfc/n206_geometry_capture/selected_design.json,0122626135151f71834bd29d45a7fb7d8cd822480d97f79ebb986e5bf4981529,tool geometry contract,EVIDENCE ONLY,flexiv_system,JSON,"20 mm extension, 19.8 mm front offset",full-boundary hardware qualification
