source_locator,source_file,source_sha256,code_file,equivalence_conditions,implementation_difference,classification,boundary,evidence_file
P1 Eq10-17 pp961-962,reference_papers/自由漂浮空间机器人捕获翻滚...标的力-位-型融合控制方法_梁斌.pdf,3e3068b8431c55221241a3b91febd0e6c4024a19797348fbb43647a118232c3f,v6_mujoco/hierarchical_qp.py,"momentum-consistent generalized Jacobian, declared frame and momentum assumptions","Flexiv MuJoCo mass matrix and measured drift, not source SRS parameters",DECLARED_ADAPTATION,reaction_velocity_map; type I is base attitude,output/fpmfc/n209_paper_system/qualification_matrix.json
P1 Eq18-25 pp962-963; Fig2/3,reference_papers/自由漂浮空间机器人捕获翻滚...标的力-位-型融合控制方法_梁斌.pdf,3e3068b8431c55221241a3b91febd0e6c4024a19797348fbb43647a118232c3f,v6_mujoco/fpmfc/shape.py,nonsingular shoulder-elbow-wrist geometry,Flexiv joint layout and numerical model-specific Jacobian,DECLARED_ADAPTATION,type II is arm shape; neither type denotes inertial estimation,output/fpmfc/n209_paper_system/qualification_matrix.json
P1 Eq26 p964,reference_papers/自由漂浮空间机器人捕获翻滚...标的力-位-型融合控制方法_梁斌.pdf,3e3068b8431c55221241a3b91febd0e6c4024a19797348fbb43647a118232c3f,v6_mujoco/fpmfc/target.py,capture-point velocity and lever arm at same instant,current N209 uses a frozen relative C1 path; no new capture-time optimization,SOURCE_LIMITED,geometric objective alone does not prove impact/capture success,output/fpmfc/n209_paper_system/qualification_matrix.json
P1 Eq27-31 p964,reference_papers/自由漂浮空间机器人捕获翻滚...标的力-位-型融合控制方法_梁斌.pdf,3e3068b8431c55221241a3b91febd0e6c4024a19797348fbb43647a118232c3f,v6_mujoco/fpmfc/controller.py,primary task nullspace under rank assumptions,hierarchical QP with hard bounds and finite tolerances,SOURCE_AMBIGUITY,Jg*N=0 preserves endpoint velocity; it does not by itself prove base reaction A*N=0,output/fpmfc/n209_paper_system/qualification_matrix.json
P1 Eq32-33 pp964-965,reference_papers/自由漂浮空间机器人捕获翻滚...标的力-位-型融合控制方法_梁斌.pdf,3e3068b8431c55221241a3b91febd0e6c4024a19797348fbb43647a118232c3f,v6_mujoco/fpmfc/contact.py,matching wrench/pose coordinates and discretized impedance,historical normal-admittance component is NOT online in selected N209,DECLARED_ADAPTATION,position correction is not a velocity command; S04 integration pending,output/fpmfc/n209_paper_system/qualification_matrix.json
P1 Eq34 p965,reference_papers/自由漂浮空间机器人捕获翻滚...标的力-位-型融合控制方法_梁斌.pdf,3e3068b8431c55221241a3b91febd0e6c4024a19797348fbb43647a118232c3f,v6_mujoco/fpmfc/contact.py,consistent derivative order and units required,source displayed velocity/position increment combination requires S01 clarification,SOURCE_AMBIGUITY,not silently implemented as an equivalent equation,output/fpmfc/n209_paper_system/qualification_matrix.json
P1 Eq35 p966; Fig6 p965,reference_papers/自由漂浮空间机器人捕获翻滚...标的力-位-型融合控制方法_梁斌.pdf,3e3068b8431c55221241a3b91febd0e6c4024a19797348fbb43647a118232c3f,v6_mujoco/fpmfc/controller.py,capture time and terminal arm-shape optimization on source model,N209 scalar progress is a different extension; no source objective equivalence claimed,NEW_EXTENSION,objective weights and implemented units must be frozen before S01,output/fpmfc/n209_paper_system/qualification_matrix.json
P1 Tables2/3 pp965-966,reference_papers/自由漂浮空间机器人捕获翻滚...标的力-位-型融合控制方法_梁斌.pdf,3e3068b8431c55221241a3b91febd0e6c4024a19797348fbb43647a118232c3f,v6_mujoco/system_capture/registry.py,public DH/mass/inertia with explicit missing COM/frame assumptions,paper_compat_srs reserved NOT_IMPLEMENTED; Flexiv values not substituted,SOURCE_LIMITED,no claim of reproducing 15.6 s or 0.2686 rad,output/fpmfc/n209_paper_system/qualification_matrix.json
P1 Fig9/10 pp966-967; conclusion p968,reference_papers/自由漂浮空间机器人捕获翻滚...标的力-位-型融合控制方法_梁斌.pdf,3e3068b8431c55221241a3b91febd0e6c4024a19797348fbb43647a118232c3f,paper/N073_CONTROLLER_ABLATION_REPORT.md,same-model matched comparisons and failure denominator,N073 fixed planned trajectories; no end-to-end reoptimization per ablation,DECLARED_ADAPTATION,source numerical study explicitly limited to precontact; no inherited collision/detumbling result,paper/N073_CONTROLLER_ABLATION_REPORT.md
